type,name,path,size
folder,.git,C:/Users/79995/Desktop/GEEK BRAINS/6.seminars/2semester/python2/hm,333244
file,.gitignore,C:/Users/79995/Desktop/GEEK BRAINS/6.seminars/2semester/python2/hm,7256
folder,.vscode,C:/Users/79995/Desktop/GEEK BRAINS/6.seminars/2semester/python2/hm,50
folder,dz1,C:/Users/79995/Desktop/GEEK BRAINS/6.seminars/2semester/python2/hm,6290
folder,dz2,C:/Users/79995/Desktop/GEEK BRAINS/6.seminars/2semester/python2/hm,3683
folder,dz3,C:/Users/79995/Desktop/GEEK BRAINS/6.seminars/2semester/python2/hm,8876
folder,dz4,C:/Users/79995/Desktop/GEEK BRAINS/6.seminars/2semester/python2/hm,7473
folder,dz5,C:/Users/79995/Desktop/GEEK BRAINS/6.seminars/2semester/python2/hm,159685
folder,dz6,C:/Users/79995/Desktop/GEEK BRAINS/6.seminars/2semester/python2/hm,5574
folder,dz7,C:/Users/79995/Desktop/GEEK BRAINS/6.seminars/2semester/python2/hm,53313
folder,dz8,C:/Users/79995/Desktop/GEEK BRAINS/6.seminars/2semester/python2/hm,21442
file,hulu.csv,C:/Users/79995/Desktop/GEEK BRAINS/6.seminars/2semester/python2/hm,56962
file,hulu.json,C:/Users/79995/Desktop/GEEK BRAINS/6.seminars/2semester/python2/hm,92870
file,hulu.pickle,C:/Users/79995/Desktop/GEEK BRAINS/6.seminars/2semester/python2/hm,36521
file,README.md,C:/Users/79995/Desktop/GEEK BRAINS/6.seminars/2semester/python2/hm,433
folder,seminars,C:/Users/79995/Desktop/GEEK BRAINS/6.seminars/2semester/python2/hm,63271
file,COMMIT_EDITMSG,C:/Users/79995/Desktop/GEEK BRAINS/6.seminars/2semester/python2/hm/.git,35
file,config,C:/Users/79995/Desktop/GEEK BRAINS/6.seminars/2semester/python2/hm/.git,309
file,description,C:/Users/79995/Desktop/GEEK BRAINS/6.seminars/2semester/python2/hm/.git,73
file,HEAD,C:/Users/79995/Desktop/GEEK BRAINS/6.seminars/2semester/python2/hm/.git,21
folder,hooks,C:/Users/79995/Desktop/GEEK BRAINS/6.seminars/2semester/python2/hm/.git,23513
file,index,C:/Users/79995/Desktop/GEEK BRAINS/6.seminars/2semester/python2/hm/.git,6150
folder,info,C:/Users/79995/Desktop/GEEK BRAINS/6.seminars/2semester/python2/hm/.git,240
folder,logs,C:/Users/79995/Desktop/GEEK BRAINS/6.seminars/2semester/python2/hm/.git,19968
folder,objects,C:/Users/79995/Desktop/GEEK BRAINS/6.seminars/2semester/python2/hm/.git,282853
folder,refs,C:/Users/79995/Desktop/GEEK BRAINS/6.seminars/2semester/python2/hm/.git,82
file,applypatch-msg.sample,C:/Users/79995/Desktop/GEEK BRAINS/6.seminars/2semester/python2/hm/.git/hooks,478
file,commit-msg.sample,C:/Users/79995/Desktop/GEEK BRAINS/6.seminars/2semester/python2/hm/.git/hooks,896
file,fsmonitor-watchman.sample,C:/Users/79995/Desktop/GEEK BRAINS/6.seminars/2semester/python2/hm/.git/hooks,4726
file,post-update.sample,C:/Users/79995/Desktop/GEEK BRAINS/6.seminars/2semester/python2/hm/.git/hooks,189
file,pre-applypatch.sample,C:/Users/79995/Desktop/GEEK BRAINS/6.seminars/2semester/python2/hm/.git/hooks,424
file,pre-commit.sample,C:/Users/79995/Desktop/GEEK BRAINS/6.seminars/2semester/python2/hm/.git/hooks,1643
file,pre-merge-commit.sample,C:/Users/79995/Desktop/GEEK BRAINS/6.seminars/2semester/python2/hm/.git/hooks,416
file,pre-push.sample,C:/Users/79995/Desktop/GEEK BRAINS/6.seminars/2semester/python2/hm/.git/hooks,1374
file,pre-rebase.sample,C:/Users/79995/Desktop/GEEK BRAINS/6.seminars/2semester/python2/hm/.git/hooks,4898
file,pre-receive.sample,C:/Users/79995/Desktop/GEEK BRAINS/6.seminars/2semester/python2/hm/.git/hooks,544
file,prepare-commit-msg.sample,C:/Users/79995/Desktop/GEEK BRAINS/6.seminars/2semester/python2/hm/.git/hooks,1492
file,push-to-checkout.sample,C:/Users/79995/Desktop/GEEK BRAINS/6.seminars/2semester/python2/hm/.git/hooks,2783
file,update.sample,C:/Users/79995/Desktop/GEEK BRAINS/6.seminars/2semester/python2/hm/.git/hooks,3650
file,exclude,C:/Users/79995/Desktop/GEEK BRAINS/6.seminars/2semester/python2/hm/.git/info,240
file,HEAD,C:/Users/79995/Desktop/GEEK BRAINS/6.seminars/2semester/python2/hm/.git/logs,7519
folder,refs,C:/Users/79995/Desktop/GEEK BRAINS/6.seminars/2semester/python2/hm/.git/logs,12449
folder,heads,C:/Users/79995/Desktop/GEEK BRAINS/6.seminars/2semester/python2/hm/.git/logs/refs,7519
folder,remotes,C:/Users/79995/Desktop/GEEK BRAINS/6.seminars/2semester/python2/hm/.git/logs/refs,4930
file,main,C:/Users/79995/Desktop/GEEK BRAINS/6.seminars/2semester/python2/hm/.git/logs/refs/heads,7519
folder,origin,C:/Users/79995/Desktop/GEEK BRAINS/6.seminars/2semester/python2/hm/.git/logs/refs/remotes,4930
file,main,C:/Users/79995/Desktop/GEEK BRAINS/6.seminars/2semester/python2/hm/.git/logs/refs/remotes/origin,4930
folder,00,C:/Users/79995/Desktop/GEEK BRAINS/6.seminars/2semester/python2/hm/.git/objects,241
folder,01,C:/Users/79995/Desktop/GEEK BRAINS/6.seminars/2semester/python2/hm/.git/objects,237
folder,02,C:/Users/79995/Desktop/GEEK BRAINS/6.seminars/2semester/python2/hm/.git/objects,2631
folder,04,C:/Users/79995/Desktop/GEEK BRAINS/6.seminars/2semester/python2/hm/.git/objects,331
folder,05,C:/Users/79995/Desktop/GEEK BRAINS/6.seminars/2semester/python2/hm/.git/objects,139
folder,07,C:/Users/79995/Desktop/GEEK BRAINS/6.seminars/2semester/python2/hm/.git/objects,391
folder,08,C:/Users/79995/Desktop/GEEK BRAINS/6.seminars/2semester/python2/hm/.git/objects,161
folder,09,C:/Users/79995/Desktop/GEEK BRAINS/6.seminars/2semester/python2/hm/.git/objects,763
folder,0d,C:/Users/79995/Desktop/GEEK BRAINS/6.seminars/2semester/python2/hm/.git/objects,672
folder,0e,C:/Users/79995/Desktop/GEEK BRAINS/6.seminars/2semester/python2/hm/.git/objects,225
folder,0f,C:/Users/79995/Desktop/GEEK BRAINS/6.seminars/2semester/python2/hm/.git/objects,156488
folder,10,C:/Users/79995/Desktop/GEEK BRAINS/6.seminars/2semester/python2/hm/.git/objects,283
folder,12,C:/Users/79995/Desktop/GEEK BRAINS/6.seminars/2semester/python2/hm/.git/objects,992
folder,15,C:/Users/79995/Desktop/GEEK BRAINS/6.seminars/2semester/python2/hm/.git/objects,140
folder,17,C:/Users/79995/Desktop/GEEK BRAINS/6.seminars/2semester/python2/hm/.git/objects,249
folder,1a,C:/Users/79995/Desktop/GEEK BRAINS/6.seminars/2semester/python2/hm/.git/objects,395
folder,1c,C:/Users/79995/Desktop/GEEK BRAINS/6.seminars/2semester/python2/hm/.git/objects,39
folder,1d,C:/Users/79995/Desktop/GEEK BRAINS/6.seminars/2semester/python2/hm/.git/objects,909
folder,20,C:/Users/79995/Desktop/GEEK BRAINS/6.seminars/2semester/python2/hm/.git/objects,1715
folder,22,C:/Users/79995/Desktop/GEEK BRAINS/6.seminars/2semester/python2/hm/.git/objects,172
folder,23,C:/Users/79995/Desktop/GEEK BRAINS/6.seminars/2semester/python2/hm/.git/objects,1265
folder,24,C:/Users/79995/Desktop/GEEK BRAINS/6.seminars/2semester/python2/hm/.git/objects,431
folder,25,C:/Users/79995/Desktop/GEEK BRAINS/6.seminars/2semester/python2/hm/.git/objects,3025
folder,27,C:/Users/79995/Desktop/GEEK BRAINS/6.seminars/2semester/python2/hm/.git/objects,338
folder,28,C:/Users/79995/Desktop/GEEK BRAINS/6.seminars/2semester/python2/hm/.git/objects,269
folder,29,C:/Users/79995/Desktop/GEEK BRAINS/6.seminars/2semester/python2/hm/.git/objects,171
folder,2a,C:/Users/79995/Desktop/GEEK BRAINS/6.seminars/2semester/python2/hm/.git/objects,573
folder,2c,C:/Users/79995/Desktop/GEEK BRAINS/6.seminars/2semester/python2/hm/.git/objects,632
folder,2d,C:/Users/79995/Desktop/GEEK BRAINS/6.seminars/2semester/python2/hm/.git/objects,51
folder,2e,C:/Users/79995/Desktop/GEEK BRAINS/6.seminars/2semester/python2/hm/.git/objects,1260
folder,2f,C:/Users/79995/Desktop/GEEK BRAINS/6.seminars/2semester/python2/hm/.git/objects,140
folder,30,C:/Users/79995/Desktop/GEEK BRAINS/6.seminars/2semester/python2/hm/.git/objects,63
folder,31,C:/Users/79995/Desktop/GEEK BRAINS/6.seminars/2semester/python2/hm/.git/objects,219
folder,32,C:/Users/79995/Desktop/GEEK BRAINS/6.seminars/2semester/python2/hm/.git/objects,657
folder,33,C:/Users/79995/Desktop/GEEK BRAINS/6.seminars/2semester/python2/hm/.git/objects,4843
folder,35,C:/Users/79995/Desktop/GEEK BRAINS/6.seminars/2semester/python2/hm/.git/objects,2145
folder,36,C:/Users/79995/Desktop/GEEK BRAINS/6.seminars/2semester/python2/hm/.git/objects,225
folder,38,C:/Users/79995/Desktop/GEEK BRAINS/6.seminars/2semester/python2/hm/.git/objects,597
folder,3a,C:/Users/79995/Desktop/GEEK BRAINS/6.seminars/2semester/python2/hm/.git/objects,365
folder,40,C:/Users/79995/Desktop/GEEK BRAINS/6.seminars/2semester/python2/hm/.git/objects,2416
folder,41,C:/Users/79995/Desktop/GEEK BRAINS/6.seminars/2semester/python2/hm/.git/objects,428
folder,42,C:/Users/79995/Desktop/GEEK BRAINS/6.seminars/2semester/python2/hm/.git/objects,205
folder,43,C:/Users/79995/Desktop/GEEK BRAINS/6.seminars/2semester/python2/hm/.git/objects,143
folder,44,C:/Users/79995/Desktop/GEEK BRAINS/6.seminars/2semester/python2/hm/.git/objects,660
folder,46,C:/Users/79995/Desktop/GEEK BRAINS/6.seminars/2semester/python2/hm/.git/objects,1451
folder,47,C:/Users/79995/Desktop/GEEK BRAINS/6.seminars/2semester/python2/hm/.git/objects,588
folder,49,C:/Users/79995/Desktop/GEEK BRAINS/6.seminars/2semester/python2/hm/.git/objects,666
folder,4a,C:/Users/79995/Desktop/GEEK BRAINS/6.seminars/2semester/python2/hm/.git/objects,54
folder,4b,C:/Users/79995/Desktop/GEEK BRAINS/6.seminars/2semester/python2/hm/.git/objects,15
folder,4c,C:/Users/79995/Desktop/GEEK BRAINS/6.seminars/2semester/python2/hm/.git/objects,695
folder,4d,C:/Users/79995/Desktop/GEEK BRAINS/6.seminars/2semester/python2/hm/.git/objects,140
folder,4f,C:/Users/79995/Desktop/GEEK BRAINS/6.seminars/2semester/python2/hm/.git/objects,804
folder,50,C:/Users/79995/Desktop/GEEK BRAINS/6.seminars/2semester/python2/hm/.git/objects,665
folder,51,C:/Users/79995/Desktop/GEEK BRAINS/6.seminars/2semester/python2/hm/.git/objects,103
folder,53,C:/Users/79995/Desktop/GEEK BRAINS/6.seminars/2semester/python2/hm/.git/objects,1867
folder,57,C:/Users/79995/Desktop/GEEK BRAINS/6.seminars/2semester/python2/hm/.git/objects,1131
folder,58,C:/Users/79995/Desktop/GEEK BRAINS/6.seminars/2semester/python2/hm/.git/objects,256
folder,59,C:/Users/79995/Desktop/GEEK BRAINS/6.seminars/2semester/python2/hm/.git/objects,190
folder,5b,C:/Users/79995/Desktop/GEEK BRAINS/6.seminars/2semester/python2/hm/.git/objects,420
folder,5c,C:/Users/79995/Desktop/GEEK BRAINS/6.seminars/2semester/python2/hm/.git/objects,296
folder,5d,C:/Users/79995/Desktop/GEEK BRAINS/6.seminars/2semester/python2/hm/.git/objects,887
folder,5e,C:/Users/79995/Desktop/GEEK BRAINS/6.seminars/2semester/python2/hm/.git/objects,217
folder,61,C:/Users/79995/Desktop/GEEK BRAINS/6.seminars/2semester/python2/hm/.git/objects,337
folder,63,C:/Users/79995/Desktop/GEEK BRAINS/6.seminars/2semester/python2/hm/.git/objects,281
folder,64,C:/Users/79995/Desktop/GEEK BRAINS/6.seminars/2semester/python2/hm/.git/objects,217
folder,66,C:/Users/79995/Desktop/GEEK BRAINS/6.seminars/2semester/python2/hm/.git/objects,86
folder,69,C:/Users/79995/Desktop/GEEK BRAINS/6.seminars/2semester/python2/hm/.git/objects,332
folder,6a,C:/Users/79995/Desktop/GEEK BRAINS/6.seminars/2semester/python2/hm/.git/objects,226
folder,6c,C:/Users/79995/Desktop/GEEK BRAINS/6.seminars/2semester/python2/hm/.git/objects,5311
folder,6d,C:/Users/79995/Desktop/GEEK BRAINS/6.seminars/2semester/python2/hm/.git/objects,497
folder,70,C:/Users/79995/Desktop/GEEK BRAINS/6.seminars/2semester/python2/hm/.git/objects,376
folder,71,C:/Users/79995/Desktop/GEEK BRAINS/6.seminars/2semester/python2/hm/.git/objects,10627
folder,74,C:/Users/79995/Desktop/GEEK BRAINS/6.seminars/2semester/python2/hm/.git/objects,314
folder,75,C:/Users/79995/Desktop/GEEK BRAINS/6.seminars/2semester/python2/hm/.git/objects,278
folder,76,C:/Users/79995/Desktop/GEEK BRAINS/6.seminars/2semester/python2/hm/.git/objects,460
folder,77,C:/Users/79995/Desktop/GEEK BRAINS/6.seminars/2semester/python2/hm/.git/objects,250
folder,79,C:/Users/79995/Desktop/GEEK BRAINS/6.seminars/2semester/python2/hm/.git/objects,443
folder,7b,C:/Users/79995/Desktop/GEEK BRAINS/6.seminars/2semester/python2/hm/.git/objects,225
folder,7d,C:/Users/79995/Desktop/GEEK BRAINS/6.seminars/2semester/python2/hm/.git/objects,46
folder,7e,C:/Users/79995/Desktop/GEEK BRAINS/6.seminars/2semester/python2/hm/.git/objects,474
folder,7f,C:/Users/79995/Desktop/GEEK BRAINS/6.seminars/2semester/python2/hm/.git/objects,743
folder,81,C:/Users/79995/Desktop/GEEK BRAINS/6.seminars/2semester/python2/hm/.git/objects,190
folder,83,C:/Users/79995/Desktop/GEEK BRAINS/6.seminars/2semester/python2/hm/.git/objects,140
folder,85,C:/Users/79995/Desktop/GEEK BRAINS/6.seminars/2semester/python2/hm/.git/objects,855
folder,87,C:/Users/79995/Desktop/GEEK BRAINS/6.seminars/2semester/python2/hm/.git/objects,10516
folder,89,C:/Users/79995/Desktop/GEEK BRAINS/6.seminars/2semester/python2/hm/.git/objects,3419
folder,8d,C:/Users/79995/Desktop/GEEK BRAINS/6.seminars/2semester/python2/hm/.git/objects,3146
folder,8e,C:/Users/79995/Desktop/GEEK BRAINS/6.seminars/2semester/python2/hm/.git/objects,714
folder,8f,C:/Users/79995/Desktop/GEEK BRAINS/6.seminars/2semester/python2/hm/.git/objects,578
folder,90,C:/Users/79995/Desktop/GEEK BRAINS/6.seminars/2semester/python2/hm/.git/objects,113
folder,91,C:/Users/79995/Desktop/GEEK BRAINS/6.seminars/2semester/python2/hm/.git/objects,128
folder,92,C:/Users/79995/Desktop/GEEK BRAINS/6.seminars/2semester/python2/hm/.git/objects,258
folder,93,C:/Users/79995/Desktop/GEEK BRAINS/6.seminars/2semester/python2/hm/.git/objects,503
folder,97,C:/Users/79995/Desktop/GEEK BRAINS/6.seminars/2semester/python2/hm/.git/objects,54
folder,9c,C:/Users/79995/Desktop/GEEK BRAINS/6.seminars/2semester/python2/hm/.git/objects,303
folder,9d,C:/Users/79995/Desktop/GEEK BRAINS/6.seminars/2semester/python2/hm/.git/objects,1061
folder,9e,C:/Users/79995/Desktop/GEEK BRAINS/6.seminars/2semester/python2/hm/.git/objects,17
folder,a0,C:/Users/79995/Desktop/GEEK BRAINS/6.seminars/2semester/python2/hm/.git/objects,164
folder,a2,C:/Users/79995/Desktop/GEEK BRAINS/6.seminars/2semester/python2/hm/.git/objects,519
folder,a3,C:/Users/79995/Desktop/GEEK BRAINS/6.seminars/2semester/python2/hm/.git/objects,306
folder,a5,C:/Users/79995/Desktop/GEEK BRAINS/6.seminars/2semester/python2/hm/.git/objects,857
folder,a6,C:/Users/79995/Desktop/GEEK BRAINS/6.seminars/2semester/python2/hm/.git/objects,126
folder,a8,C:/Users/79995/Desktop/GEEK BRAINS/6.seminars/2semester/python2/hm/.git/objects,231
folder,a9,C:/Users/79995/Desktop/GEEK BRAINS/6.seminars/2semester/python2/hm/.git/objects,853
folder,ac,C:/Users/79995/Desktop/GEEK BRAINS/6.seminars/2semester/python2/hm/.git/objects,531
folder,ae,C:/Users/79995/Desktop/GEEK BRAINS/6.seminars/2semester/python2/hm/.git/objects,563
folder,b0,C:/Users/79995/Desktop/GEEK BRAINS/6.seminars/2semester/python2/hm/.git/objects,140
folder,b1,C:/Users/79995/Desktop/GEEK BRAINS/6.seminars/2semester/python2/hm/.git/objects,166
folder,b3,C:/Users/79995/Desktop/GEEK BRAINS/6.seminars/2semester/python2/hm/.git/objects,765
folder,b5,C:/Users/79995/Desktop/GEEK BRAINS/6.seminars/2semester/python2/hm/.git/objects,143
folder,b6,C:/Users/79995/Desktop/GEEK BRAINS/6.seminars/2semester/python2/hm/.git/objects,217
folder,b8,C:/Users/79995/Desktop/GEEK BRAINS/6.seminars/2semester/python2/hm/.git/objects,958
folder,b9,C:/Users/79995/Desktop/GEEK BRAINS/6.seminars/2semester/python2/hm/.git/objects,632
folder,ba,C:/Users/79995/Desktop/GEEK BRAINS/6.seminars/2semester/python2/hm/.git/objects,114
folder,bc,C:/Users/79995/Desktop/GEEK BRAINS/6.seminars/2semester/python2/hm/.git/objects,414
folder,bf,C:/Users/79995/Desktop/GEEK BRAINS/6.seminars/2semester/python2/hm/.git/objects,203
folder,c0,C:/Users/79995/Desktop/GEEK BRAINS/6.seminars/2semester/python2/hm/.git/objects,2650
folder,c1,C:/Users/79995/Desktop/GEEK BRAINS/6.seminars/2semester/python2/hm/.git/objects,113
folder,c3,C:/Users/79995/Desktop/GEEK BRAINS/6.seminars/2semester/python2/hm/.git/objects,3027
folder,c4,C:/Users/79995/Desktop/GEEK BRAINS/6.seminars/2semester/python2/hm/.git/objects,139
folder,c5,C:/Users/79995/Desktop/GEEK BRAINS/6.seminars/2semester/python2/hm/.git/objects,76
folder,c6,C:/Users/79995/Desktop/GEEK BRAINS/6.seminars/2semester/python2/hm/.git/objects,667
folder,ca,C:/Users/79995/Desktop/GEEK BRAINS/6.seminars/2semester/python2/hm/.git/objects,646
folder,cb,C:/Users/79995/Desktop/GEEK BRAINS/6.seminars/2semester/python2/hm/.git/objects,552
folder,cc,C:/Users/79995/Desktop/GEEK BRAINS/6.seminars/2semester/python2/hm/.git/objects,2556
folder,d1,C:/Users/79995/Desktop/GEEK BRAINS/6.seminars/2semester/python2/hm/.git/objects,220
folder,d4,C:/Users/79995/Desktop/GEEK BRAINS/6.seminars/2semester/python2/hm/.git/objects,139
folder,d6,C:/Users/79995/Desktop/GEEK BRAINS/6.seminars/2semester/python2/hm/.git/objects,279
folder,d8,C:/Users/79995/Desktop/GEEK BRAINS/6.seminars/2semester/python2/hm/.git/objects,837
folder,d9,C:/Users/79995/Desktop/GEEK BRAINS/6.seminars/2semester/python2/hm/.git/objects,2392
folder,da,C:/Users/79995/Desktop/GEEK BRAINS/6.seminars/2semester/python2/hm/.git/objects,1152
folder,dc,C:/Users/79995/Desktop/GEEK BRAINS/6.seminars/2semester/python2/hm/.git/objects,113
folder,dd,C:/Users/79995/Desktop/GEEK BRAINS/6.seminars/2semester/python2/hm/.git/objects,211
folder,de,C:/Users/79995/Desktop/GEEK BRAINS/6.seminars/2semester/python2/hm/.git/objects,591
folder,df,C:/Users/79995/Desktop/GEEK BRAINS/6.seminars/2semester/python2/hm/.git/objects,841
folder,e1,C:/Users/79995/Desktop/GEEK BRAINS/6.seminars/2semester/python2/hm/.git/objects,136
folder,e4,C:/Users/79995/Desktop/GEEK BRAINS/6.seminars/2semester/python2/hm/.git/objects,2218
folder,e6,C:/Users/79995/Desktop/GEEK BRAINS/6.seminars/2semester/python2/hm/.git/objects,706
folder,e7,C:/Users/79995/Desktop/GEEK BRAINS/6.seminars/2semester/python2/hm/.git/objects,154
folder,e9,C:/Users/79995/Desktop/GEEK BRAINS/6.seminars/2semester/python2/hm/.git/objects,140
folder,eb,C:/Users/79995/Desktop/GEEK BRAINS/6.seminars/2semester/python2/hm/.git/objects,268
folder,ec,C:/Users/79995/Desktop/GEEK BRAINS/6.seminars/2semester/python2/hm/.git/objects,307
folder,ed,C:/Users/79995/Desktop/GEEK BRAINS/6.seminars/2semester/python2/hm/.git/objects,216
folder,ef,C:/Users/79995/Desktop/GEEK BRAINS/6.seminars/2semester/python2/hm/.git/objects,598
folder,f0,C:/Users/79995/Desktop/GEEK BRAINS/6.seminars/2semester/python2/hm/.git/objects,1103
folder,f2,C:/Users/79995/Desktop/GEEK BRAINS/6.seminars/2semester/python2/hm/.git/objects,747
folder,f3,C:/Users/79995/Desktop/GEEK BRAINS/6.seminars/2semester/python2/hm/.git/objects,1910
folder,f4,C:/Users/79995/Desktop/GEEK BRAINS/6.seminars/2semester/python2/hm/.git/objects,164
folder,f5,C:/Users/79995/Desktop/GEEK BRAINS/6.seminars/2semester/python2/hm/.git/objects,3063
folder,f6,C:/Users/79995/Desktop/GEEK BRAINS/6.seminars/2semester/python2/hm/.git/objects,1053
folder,f7,C:/Users/79995/Desktop/GEEK BRAINS/6.seminars/2semester/python2/hm/.git/objects,281
folder,f8,C:/Users/79995/Desktop/GEEK BRAINS/6.seminars/2semester/python2/hm/.git/objects,1570
folder,fb,C:/Users/79995/Desktop/GEEK BRAINS/6.seminars/2semester/python2/hm/.git/objects,46
folder,fc,C:/Users/79995/Desktop/GEEK BRAINS/6.seminars/2semester/python2/hm/.git/objects,143
folder,ff,C:/Users/79995/Desktop/GEEK BRAINS/6.seminars/2semester/python2/hm/.git/objects,670
folder,info,C:/Users/79995/Desktop/GEEK BRAINS/6.seminars/2semester/python2/hm/.git/objects,0
folder,pack,C:/Users/79995/Desktop/GEEK BRAINS/6.seminars/2semester/python2/hm/.git/objects,0
file,574ec188878fef5cae4e236baafa5ca540c33d,C:/Users/79995/Desktop/GEEK BRAINS/6.seminars/2semester/python2/hm/.git/objects/00,241
file,f560245d21713080d4e9f30429e5aa4fa772f2,C:/Users/79995/Desktop/GEEK BRAINS/6.seminars/2semester/python2/hm/.git/objects/01,237
file,7e3c3e55c015e13993b8044248bbaeb7713e6b,C:/Users/79995/Desktop/GEEK BRAINS/6.seminars/2semester/python2/hm/.git/objects/02,2491
file,8d8d311c360264b1f96a9cb3eb344803bc5746,C:/Users/79995/Desktop/GEEK BRAINS/6.seminars/2semester/python2/hm/.git/objects/02,140
file,0834a7cc0a54dadeea0227de79fe92cd9f0648,C:/Users/79995/Desktop/GEEK BRAINS/6.seminars/2semester/python2/hm/.git/objects/04,331
file,674fe6e7935e72fe9e818851bd82cf6b356e04,C:/Users/79995/Desktop/GEEK BRAINS/6.seminars/2semester/python2/hm/.git/objects/05,139
file,c372dcf061e84dbd04a0a79058380cba21d29c,C:/Users/79995/Desktop/GEEK BRAINS/6.seminars/2semester/python2/hm/.git/objects/07,391
file,db4eacf2540c5c347eab05280e34fde78fa936,C:/Users/79995/Desktop/GEEK BRAINS/6.seminars/2semester/python2/hm/.git/objects/08,161
file,cd683964f569a7f669dcb34b0e153a1080b45c,C:/Users/79995/Desktop/GEEK BRAINS/6.seminars/2semester/python2/hm/.git/objects/09,763
file,8e98929862d5ed803330bafe1b80030e119892,C:/Users/79995/Desktop/GEEK BRAINS/6.seminars/2semester/python2/hm/.git/objects/0d,672
file,a75cc658e4bc6f12f89a0a83e599c278e0d712,C:/Users/79995/Desktop/GEEK BRAINS/6.seminars/2semester/python2/hm/.git/objects/0e,225
file,24c7198acb905893d02378adaadeff23ff830b,C:/Users/79995/Desktop/GEEK BRAINS/6.seminars/2semester/python2/hm/.git/objects/0f,156488
file,e1de8e70e3c86bbd9ff9f8ebd43d858ca8e2a9,C:/Users/79995/Desktop/GEEK BRAINS/6.seminars/2semester/python2/hm/.git/objects/10,283
file,c942ff75b6f148673e6347623eb84ee69ac543,C:/Users/79995/Desktop/GEEK BRAINS/6.seminars/2semester/python2/hm/.git/objects/12,321
file,d59491c723d00c968a76f462dea53471fc16e1,C:/Users/79995/Desktop/GEEK BRAINS/6.seminars/2semester/python2/hm/.git/objects/12,671
file,88e78e0f4e9eec665c629bf4aeb114869e44f1,C:/Users/79995/Desktop/GEEK BRAINS/6.seminars/2semester/python2/hm/.git/objects/15,140
file,54feb45e56bb739950e65b390ef9f5bdb678b3,C:/Users/79995/Desktop/GEEK BRAINS/6.seminars/2semester/python2/hm/.git/objects/17,249
file,4803eadfbc6cddb74ba52fb33bbc114258a4a2,C:/Users/79995/Desktop/GEEK BRAINS/6.seminars/2semester/python2/hm/.git/objects/1a,395
file,131c2336663e9ef871901c0559dc2e32aef72f,C:/Users/79995/Desktop/GEEK BRAINS/6.seminars/2semester/python2/hm/.git/objects/1c,39
file,088ba924ba61e49d8b28591805b46e40d03241,C:/Users/79995/Desktop/GEEK BRAINS/6.seminars/2semester/python2/hm/.git/objects/1d,428
file,6e4e9d0bbf2a04406f4a4d477f2f0e10dd7461,C:/Users/79995/Desktop/GEEK BRAINS/6.seminars/2semester/python2/hm/.git/objects/1d,306
file,c17e284d89418516f5119a826f4daf1a5e6132,C:/Users/79995/Desktop/GEEK BRAINS/6.seminars/2semester/python2/hm/.git/objects/1d,175
file,0a0eac8fefa68d790b47a5a46cfa466f660810,C:/Users/79995/Desktop/GEEK BRAINS/6.seminars/2semester/python2/hm/.git/objects/20,226
file,2e0ede5a93cdaced25932e7fe997cb55c63726,C:/Users/79995/Desktop/GEEK BRAINS/6.seminars/2semester/python2/hm/.git/objects/20,153
file,37b185ae4222f525270da9e2c8ca17fa0c8bb1,C:/Users/79995/Desktop/GEEK BRAINS/6.seminars/2semester/python2/hm/.git/objects/20,515
file,9c203d0c0ce6d5822039cb173a7935024a21d7,C:/Users/79995/Desktop/GEEK BRAINS/6.seminars/2semester/python2/hm/.git/objects/20,214
file,d0351888b86e5010b2d1f0dd08642a50afffc6,C:/Users/79995/Desktop/GEEK BRAINS/6.seminars/2semester/python2/hm/.git/objects/20,607
file,a59ad689b05f4f81ad413b617d3b4e1b73a0ef,C:/Users/79995/Desktop/GEEK BRAINS/6.seminars/2semester/python2/hm/.git/objects/22,172
file,7a7d31e5b7d969aea42b2796758d2d52538733,C:/Users/79995/Desktop/GEEK BRAINS/6.seminars/2semester/python2/hm/.git/objects/23,841
file,8127843081105d832b988df2810e82f2791c5d,C:/Users/79995/Desktop/GEEK BRAINS/6.seminars/2semester/python2/hm/.git/objects/23,281
file,fdb673c8e5ce19a1a636cb45139c09085191c2,C:/Users/79995/Desktop/GEEK BRAINS/6.seminars/2semester/python2/hm/.git/objects/23,143
file,bbb51f39ee0378217d54bbc36fdf3210e3cfe8,C:/Users/79995/Desktop/GEEK BRAINS/6.seminars/2semester/python2/hm/.git/objects/24,431
file,791e4bea5e0c7a8114e1f107edfccf69dfd6f6,C:/Users/79995/Desktop/GEEK BRAINS/6.seminars/2semester/python2/hm/.git/objects/25,2642
file,9d6962ea30cf28853a771ffa4ce0152eff056f,C:/Users/79995/Desktop/GEEK BRAINS/6.seminars/2semester/python2/hm/.git/objects/25,140
file,c412d7534d4840ceb630ac85e50f35b4ba4516,C:/Users/79995/Desktop/GEEK BRAINS/6.seminars/2semester/python2/hm/.git/objects/25,243
file,c87387a494dbaa5a1b6cfe6db87ad314be49fb,C:/Users/79995/Desktop/GEEK BRAINS/6.seminars/2semester/python2/hm/.git/objects/27,225
file,d6346e4b7082371219e66f35f7ae78de9b5ac0,C:/Users/79995/Desktop/GEEK BRAINS/6.seminars/2semester/python2/hm/.git/objects/27,113
file,f9e829b178fcdbe84ac9db2608b7195509d58e,C:/Users/79995/Desktop/GEEK BRAINS/6.seminars/2semester/python2/hm/.git/objects/28,269
file,3f4f9b400d854f5392103d8799eb6b33527529,C:/Users/79995/Desktop/GEEK BRAINS/6.seminars/2semester/python2/hm/.git/objects/29,171
file,b62a659144b965d6c261841967ffd7e3edc10f,C:/Users/79995/Desktop/GEEK BRAINS/6.seminars/2semester/python2/hm/.git/objects/2a,573
file,145a7a6ee43212b61e4082ee3fb623fd754579,C:/Users/79995/Desktop/GEEK BRAINS/6.seminars/2semester/python2/hm/.git/objects/2c,632
file,7f234c2abcd76d5b7eb0e21bc0bef51936d786,C:/Users/79995/Desktop/GEEK BRAINS/6.seminars/2semester/python2/hm/.git/objects/2d,51
file,a85de296f99599003962996acc5123ad136418,C:/Users/79995/Desktop/GEEK BRAINS/6.seminars/2semester/python2/hm/.git/objects/2e,1260
file,fa523aaa43a21d7c632a73b94feef9fb9d5bb7,C:/Users/79995/Desktop/GEEK BRAINS/6.seminars/2semester/python2/hm/.git/objects/2f,140
file,e2e40030335faab789241f44f1ef622d559f3a,C:/Users/79995/Desktop/GEEK BRAINS/6.seminars/2semester/python2/hm/.git/objects/30,63
file,3a057196ecb9710cfb270d13774c636e5c55e1,C:/Users/79995/Desktop/GEEK BRAINS/6.seminars/2semester/python2/hm/.git/objects/31,219
file,cd7364a0b27069ce5df7f2577086885805e894,C:/Users/79995/Desktop/GEEK BRAINS/6.seminars/2semester/python2/hm/.git/objects/32,657
file,66c390df7c3add834baf39c3efeb53f91aa698,C:/Users/79995/Desktop/GEEK BRAINS/6.seminars/2semester/python2/hm/.git/objects/33,4750
file,96432ef06d447287edf151be174cd68dbd8e00,C:/Users/79995/Desktop/GEEK BRAINS/6.seminars/2semester/python2/hm/.git/objects/33,93
file,91f76e9a843f861c9032be521449e882dbbe8f,C:/Users/79995/Desktop/GEEK BRAINS/6.seminars/2semester/python2/hm/.git/objects/35,20
file,a2445f9d53bb3827deb422ecd1a8468c5127e5,C:/Users/79995/Desktop/GEEK BRAINS/6.seminars/2semester/python2/hm/.git/objects/35,116
file,fe6e964c18ce3abf8f5be8470a1c62fa5c3a56,C:/Users/79995/Desktop/GEEK BRAINS/6.seminars/2semester/python2/hm/.git/objects/35,2009
file,c2213cab100d242922f0881116eea2df8eefba,C:/Users/79995/Desktop/GEEK BRAINS/6.seminars/2semester/python2/hm/.git/objects/36,225
file,8ad9906f83a53cf82d5700819842db55652bab,C:/Users/79995/Desktop/GEEK BRAINS/6.seminars/2semester/python2/hm/.git/objects/38,597
file,70b2526d2d4d0f8d7d1096a1e7c16919ec9905,C:/Users/79995/Desktop/GEEK BRAINS/6.seminars/2semester/python2/hm/.git/objects/3a,194
file,e60d8a8d17a6e718b6d444cf539d7aa8d1e085,C:/Users/79995/Desktop/GEEK BRAINS/6.seminars/2semester/python2/hm/.git/objects/3a,171
file,1235c48279d92dbec55f8f25dbe5d8bc229432,C:/Users/79995/Desktop/GEEK BRAINS/6.seminars/2semester/python2/hm/.git/objects/40,2269
file,662515e8717595d4fee2eacfe5b6e1dab85195,C:/Users/79995/Desktop/GEEK BRAINS/6.seminars/2semester/python2/hm/.git/objects/40,147
file,71e7c0ff9c820ac376d6d4692fbe3bcf9301f0,C:/Users/79995/Desktop/GEEK BRAINS/6.seminars/2semester/python2/hm/.git/objects/41,428
file,fb61f749ea0065c0e2817e4aaf1635bfa1a73a,C:/Users/79995/Desktop/GEEK BRAINS/6.seminars/2semester/python2/hm/.git/objects/42,205
file,6453c2b0955ea686702ff6f4fd8ee0bd14b58f,C:/Users/79995/Desktop/GEEK BRAINS/6.seminars/2semester/python2/hm/.git/objects/43,143
file,4d113360b0fc8c8783dc747d4b5036e5b713e1,C:/Users/79995/Desktop/GEEK BRAINS/6.seminars/2semester/python2/hm/.git/objects/44,660
file,00f6236c6be568a59126b298db097e40f2a219,C:/Users/79995/Desktop/GEEK BRAINS/6.seminars/2semester/python2/hm/.git/objects/46,113
file,32e068d5889f042fe2d9254a9295e5f31a26c7,C:/Users/79995/Desktop/GEEK BRAINS/6.seminars/2semester/python2/hm/.git/objects/46,21
file,7a860907a6b99aabd4377229b4dee0621f78d5,C:/Users/79995/Desktop/GEEK BRAINS/6.seminars/2semester/python2/hm/.git/objects/46,681
file,a82ce815bd8444b81489f402e9b681539312bb,C:/Users/79995/Desktop/GEEK BRAINS/6.seminars/2semester/python2/hm/.git/objects/46,143
file,e54aaa9a57e302afd91556c38330d2e8b02a2d,C:/Users/79995/Desktop/GEEK BRAINS/6.seminars/2semester/python2/hm/.git/objects/46,493
file,3ef23591a30a8f8ce4f8dd79ce286efb207b96,C:/Users/79995/Desktop/GEEK BRAINS/6.seminars/2semester/python2/hm/.git/objects/47,469
file,96113d134fc1bc9f1d6b224108593f80c12f23,C:/Users/79995/Desktop/GEEK BRAINS/6.seminars/2semester/python2/hm/.git/objects/47,119
file,671f9216e5eb92b9dd0ba3e59da8975e33e2f8,C:/Users/79995/Desktop/GEEK BRAINS/6.seminars/2semester/python2/hm/.git/objects/49,666
file,1b79654e89168d52a2140ff0fbc64d0b01938a,C:/Users/79995/Desktop/GEEK BRAINS/6.seminars/2semester/python2/hm/.git/objects/4a,54
file,825dc642cb6eb9a060e54bf8d69288fbee4904,C:/Users/79995/Desktop/GEEK BRAINS/6.seminars/2semester/python2/hm/.git/objects/4b,15
file,9c25747a386615cfd3cea8e4bd7994235ab640,C:/Users/79995/Desktop/GEEK BRAINS/6.seminars/2semester/python2/hm/.git/objects/4c,695
file,5b519d6e96bda1bc89ca66b114e46618eef256,C:/Users/79995/Desktop/GEEK BRAINS/6.seminars/2semester/python2/hm/.git/objects/4d,140
file,0144cdb1fcb06baa01d49d3b3f2185fedded61,C:/Users/79995/Desktop/GEEK BRAINS/6.seminars/2semester/python2/hm/.git/objects/4f,124
file,4c740275cf78b6f4edcc1cfc23a349cd93588b,C:/Users/79995/Desktop/GEEK BRAINS/6.seminars/2semester/python2/hm/.git/objects/4f,680
file,31f1cf67aa59a9ecbdf8ca07c87ef971d5594d,C:/Users/79995/Desktop/GEEK BRAINS/6.seminars/2semester/python2/hm/.git/objects/50,665
file,a1b736fc034c8ffcd299e1ff6343255e92a1e3,C:/Users/79995/Desktop/GEEK BRAINS/6.seminars/2semester/python2/hm/.git/objects/51,103
file,116bb2a61dd710e0c84f3de3b9fc83c9bfc35f,C:/Users/79995/Desktop/GEEK BRAINS/6.seminars/2semester/python2/hm/.git/objects/53,225
file,39272fb858d1c1b1c5728820df90790113f1e7,C:/Users/79995/Desktop/GEEK BRAINS/6.seminars/2semester/python2/hm/.git/objects/53,1294
file,845fdb5c7a60faebc4be1a82cf8c8620a22a0c,C:/Users/79995/Desktop/GEEK BRAINS/6.seminars/2semester/python2/hm/.git/objects/53,348
file,f4214d1fc8e95b503fc26deb28b5f62f31943f,C:/Users/79995/Desktop/GEEK BRAINS/6.seminars/2semester/python2/hm/.git/objects/57,1131
file,acf1d062ff9f244be0dbce65b8161f3d0530a1,C:/Users/79995/Desktop/GEEK BRAINS/6.seminars/2semester/python2/hm/.git/objects/58,256
file,8dfa4537de80249be726298d1c6482487355e8,C:/Users/79995/Desktop/GEEK BRAINS/6.seminars/2semester/python2/hm/.git/objects/59,190
file,fd98992aedd5ba36cea1e193d9c395a77fc2fe,C:/Users/79995/Desktop/GEEK BRAINS/6.seminars/2semester/python2/hm/.git/objects/5b,420
file,10e8f0b6b5f39188b380c611e178ff00867b2a,C:/Users/79995/Desktop/GEEK BRAINS/6.seminars/2semester/python2/hm/.git/objects/5c,113
file,7820d216bd141cc0a8fcf5d1c33b375e377696,C:/Users/79995/Desktop/GEEK BRAINS/6.seminars/2semester/python2/hm/.git/objects/5c,183
file,475adcdf63d80c5d77b5d49a5597fa79155f8b,C:/Users/79995/Desktop/GEEK BRAINS/6.seminars/2semester/python2/hm/.git/objects/5d,887
file,183df10a025db2a15f302315524eb8607d501e,C:/Users/79995/Desktop/GEEK BRAINS/6.seminars/2semester/python2/hm/.git/objects/5e,217
file,47601cff0c400c33465110f1a85c84967e06d2,C:/Users/79995/Desktop/GEEK BRAINS/6.seminars/2semester/python2/hm/.git/objects/61,224
file,7687acc5cf0c1a4c0e8044071ca691b2c236f1,C:/Users/79995/Desktop/GEEK BRAINS/6.seminars/2semester/python2/hm/.git/objects/61,113
file,433e79761f6fc36ef2041d41b5f51872982623,C:/Users/79995/Desktop/GEEK BRAINS/6.seminars/2semester/python2/hm/.git/objects/63,281
file,29637bc5284686e6ba797bbba93e9a2e5ea473,C:/Users/79995/Desktop/GEEK BRAINS/6.seminars/2semester/python2/hm/.git/objects/64,217
file,48e91246978bfebf24be47150e8b8c5008c934,C:/Users/79995/Desktop/GEEK BRAINS/6.seminars/2semester/python2/hm/.git/objects/66,86
file,79b79f54748062b6344284440093d685871738,C:/Users/79995/Desktop/GEEK BRAINS/6.seminars/2semester/python2/hm/.git/objects/69,332
file,1450914ce924e68f0827073ddc96020d32fcfe,C:/Users/79995/Desktop/GEEK BRAINS/6.seminars/2semester/python2/hm/.git/objects/6a,226
file,1b3312026bf650172e0420f226e33235726c56,C:/Users/79995/Desktop/GEEK BRAINS/6.seminars/2semester/python2/hm/.git/objects/6c,774
file,9c21337850663cd62810d152068df62fb6b706,C:/Users/79995/Desktop/GEEK BRAINS/6.seminars/2semester/python2/hm/.git/objects/6c,4537
file,c4a363d229cda61feec7bbee40a24113a52236,C:/Users/79995/Desktop/GEEK BRAINS/6.seminars/2semester/python2/hm/.git/objects/6d,497
file,6138c523a00b57cc8494b334cbed70a8acc4b4,C:/Users/79995/Desktop/GEEK BRAINS/6.seminars/2semester/python2/hm/.git/objects/70,236
file,745b0c8dc8b615fbc122dc8246805d0ac87ea3,C:/Users/79995/Desktop/GEEK BRAINS/6.seminars/2semester/python2/hm/.git/objects/70,140
file,775b4e53404f080e0a05f5ab6e0479410f1db9,C:/Users/79995/Desktop/GEEK BRAINS/6.seminars/2semester/python2/hm/.git/objects/71,193
file,a1d8a9b19b897af1570cf0f833d84ae66cf171,C:/Users/79995/Desktop/GEEK BRAINS/6.seminars/2semester/python2/hm/.git/objects/71,1227
file,a36662f538a4c71c71b298048e2c3be6616f58,C:/Users/79995/Desktop/GEEK BRAINS/6.seminars/2semester/python2/hm/.git/objects/71,9207
file,f447cbc9979c5fdeebbd59faf76ecfd3f92887,C:/Users/79995/Desktop/GEEK BRAINS/6.seminars/2semester/python2/hm/.git/objects/74,314
file,c194479f45758619243f6f9bc96a327708c60b,C:/Users/79995/Desktop/GEEK BRAINS/6.seminars/2semester/python2/hm/.git/objects/75,38
file,c8537f8db6af0198df767dd444c92adeec2285,C:/Users/79995/Desktop/GEEK BRAINS/6.seminars/2semester/python2/hm/.git/objects/75,240
file,03ca08731d2e44d04d836162f8a366a7a71832,C:/Users/79995/Desktop/GEEK BRAINS/6.seminars/2semester/python2/hm/.git/objects/76,225
file,ca85bd8f88079c4a087c0050e90cccefd64353,C:/Users/79995/Desktop/GEEK BRAINS/6.seminars/2semester/python2/hm/.git/objects/76,235
file,82872446b6850cd520afac5237225df81cbd0b,C:/Users/79995/Desktop/GEEK BRAINS/6.seminars/2semester/python2/hm/.git/objects/77,250
file,4f617f4167fd6c6bb3283cff67deab1885fc6d,C:/Users/79995/Desktop/GEEK BRAINS/6.seminars/2semester/python2/hm/.git/objects/79,443
file,50cabff079dcc5ad5456b4bb5dc0ae347d33b3,C:/Users/79995/Desktop/GEEK BRAINS/6.seminars/2semester/python2/hm/.git/objects/7b,225
file,f5f033f6f1be64558c5cdb0376e5d54f1bd528,C:/Users/79995/Desktop/GEEK BRAINS/6.seminars/2semester/python2/hm/.git/objects/7d,46
file,3f52e8b410285234c0439abe9db187169c59d1,C:/Users/79995/Desktop/GEEK BRAINS/6.seminars/2semester/python2/hm/.git/objects/7e,118
file,d8bd05685481abac6cd894aab6feda4f330754,C:/Users/79995/Desktop/GEEK BRAINS/6.seminars/2semester/python2/hm/.git/objects/7e,356
file,199404888481b4dd8ff42aa3a568f9bb04e690,C:/Users/79995/Desktop/GEEK BRAINS/6.seminars/2semester/python2/hm/.git/objects/7f,192
file,97566c14102def9d66e4ee64ea989400ec49b8,C:/Users/79995/Desktop/GEEK BRAINS/6.seminars/2semester/python2/hm/.git/objects/7f,194
file,acd2ba89536ec75a0cf72a87967e5f10775193,C:/Users/79995/Desktop/GEEK BRAINS/6.seminars/2semester/python2/hm/.git/objects/7f,357
file,fd96f74bb616b7731d34a041fefc40b89a19b0,C:/Users/79995/Desktop/GEEK BRAINS/6.seminars/2semester/python2/hm/.git/objects/81,190
file,5044c3a3f11374da350c81998a6b4ccc907a93,C:/Users/79995/Desktop/GEEK BRAINS/6.seminars/2semester/python2/hm/.git/objects/83,140
file,9585dda880f4a8dc59c6e54e397b15cb448de5,C:/Users/79995/Desktop/GEEK BRAINS/6.seminars/2semester/python2/hm/.git/objects/85,855
file,e7e85386dd0df54ddefedcbc372332490267a5,C:/Users/79995/Desktop/GEEK BRAINS/6.seminars/2semester/python2/hm/.git/objects/87,5552
file,f77aa2b26ac094f3d3db24b2095da0c38d3cae,C:/Users/79995/Desktop/GEEK BRAINS/6.seminars/2semester/python2/hm/.git/objects/87,4964
file,01868a6da4e62098d3a77afd11dfeb77286885,C:/Users/79995/Desktop/GEEK BRAINS/6.seminars/2semester/python2/hm/.git/objects/89,184
file,e101ef06a97c01b18fb96d9ebec1a76e5d6df4,C:/Users/79995/Desktop/GEEK BRAINS/6.seminars/2semester/python2/hm/.git/objects/89,3235
file,d4607a4b3c4f581d2728ef1cd2d15ad42e2ee2,C:/Users/79995/Desktop/GEEK BRAINS/6.seminars/2semester/python2/hm/.git/objects/8d,3146
file,23159e66c8474b09ec131035a5c1f6478bd206,C:/Users/79995/Desktop/GEEK BRAINS/6.seminars/2semester/python2/hm/.git/objects/8e,714
file,09a48406eba11b14329703474104ca360da875,C:/Users/79995/Desktop/GEEK BRAINS/6.seminars/2semester/python2/hm/.git/objects/8f,131
file,8ce59e33d8540da757cfef6934b26ee5ce1381,C:/Users/79995/Desktop/GEEK BRAINS/6.seminars/2semester/python2/hm/.git/objects/8f,447
file,1379ef2183981a0c88a918003ebefb4134e1e4,C:/Users/79995/Desktop/GEEK BRAINS/6.seminars/2semester/python2/hm/.git/objects/90,113
file,19efa08141a18c058561571db10106d15291f9,C:/Users/79995/Desktop/GEEK BRAINS/6.seminars/2semester/python2/hm/.git/objects/91,128
file,c90c3c34f601441dd382416d51d09e3b584350,C:/Users/79995/Desktop/GEEK BRAINS/6.seminars/2semester/python2/hm/.git/objects/92,258
file,65fb1c7fada3fdeed3d9e9b9cf93734103a797,C:/Users/79995/Desktop/GEEK BRAINS/6.seminars/2semester/python2/hm/.git/objects/93,503
file,ea7764dcac3cdb65ac53191f6594b5928f6551,C:/Users/79995/Desktop/GEEK BRAINS/6.seminars/2semester/python2/hm/.git/objects/97,54
file,e5a59a10336b182c5a5cc14d6e0de711f495d4,C:/Users/79995/Desktop/GEEK BRAINS/6.seminars/2semester/python2/hm/.git/objects/9c,183
file,e7fbdcf4e22e922fd9188d2aa329f9695f0464,C:/Users/79995/Desktop/GEEK BRAINS/6.seminars/2semester/python2/hm/.git/objects/9c,120
file,09bda443bee89db21b08c2f0be1cbb37e8ae9a,C:/Users/79995/Desktop/GEEK BRAINS/6.seminars/2semester/python2/hm/.git/objects/9d,331
file,1a0bab789071a13532494165016219f0d25831,C:/Users/79995/Desktop/GEEK BRAINS/6.seminars/2semester/python2/hm/.git/objects/9d,730
file,26dfeeb6e641a33dae4961196235bdb965b21b,C:/Users/79995/Desktop/GEEK BRAINS/6.seminars/2semester/python2/hm/.git/objects/9e,17
file,02d9a3d3545b9a1da9db2720712913a91cf7e5,C:/Users/79995/Desktop/GEEK BRAINS/6.seminars/2semester/python2/hm/.git/objects/a0,51
file,21440a68108f8b6637a90bf88b062b68abe7b7,C:/Users/79995/Desktop/GEEK BRAINS/6.seminars/2semester/python2/hm/.git/objects/a0,113
file,0f9d241cab51847f0648441a887605161b1cae,C:/Users/79995/Desktop/GEEK BRAINS/6.seminars/2semester/python2/hm/.git/objects/a2,519
file,14b67c880685e8dbeb9b4670883906426dc910,C:/Users/79995/Desktop/GEEK BRAINS/6.seminars/2semester/python2/hm/.git/objects/a3,193
file,df36ff04d916d9d0a64294329fa0035f231b15,C:/Users/79995/Desktop/GEEK BRAINS/6.seminars/2semester/python2/hm/.git/objects/a3,113
file,604446606f74c4f9b580ff1c33ff71fb0ecb15,C:/Users/79995/Desktop/GEEK BRAINS/6.seminars/2semester/python2/hm/.git/objects/a5,632
file,83b678befa6565a0f0afb6704102057c15ca22,C:/Users/79995/Desktop/GEEK BRAINS/6.seminars/2semester/python2/hm/.git/objects/a5,225
file,216f8b09354e2f82d3fde8d3ac1d07d0e20b1f,C:/Users/79995/Desktop/GEEK BRAINS/6.seminars/2semester/python2/hm/.git/objects/a6,126
file,5fd4fba87c8bee928040cc7e5e7d7080023bef,C:/Users/79995/Desktop/GEEK BRAINS/6.seminars/2semester/python2/hm/.git/objects/a8,231
file,4fb97741819c4995b13250e8b2d7cc9ff62416,C:/Users/79995/Desktop/GEEK BRAINS/6.seminars/2semester/python2/hm/.git/objects/a9,585
file,e6f915762b4b0450aa4f50e09145cee72c1464,C:/Users/79995/Desktop/GEEK BRAINS/6.seminars/2semester/python2/hm/.git/objects/a9,268
file,59e8bba4c42058d83b30790db300b9b6ea4cfb,C:/Users/79995/Desktop/GEEK BRAINS/6.seminars/2semester/python2/hm/.git/objects/ac,175
file,924739aaecd7b08f4398a3871491e6aae067cf,C:/Users/79995/Desktop/GEEK BRAINS/6.seminars/2semester/python2/hm/.git/objects/ac,356
file,85a39be20a99a8cd6c7f5e2b8eaca8b1aaeaf0,C:/Users/79995/Desktop/GEEK BRAINS/6.seminars/2semester/python2/hm/.git/objects/ae,191
file,d6914d51a843bcb0a3cb29bb457feefaefd547,C:/Users/79995/Desktop/GEEK BRAINS/6.seminars/2semester/python2/hm/.git/objects/ae,259
file,fe0278e3f0495081801bc01cc7a0abff02a44d,C:/Users/79995/Desktop/GEEK BRAINS/6.seminars/2semester/python2/hm/.git/objects/ae,113
file,f5971c8031fea5518f7998b5f6b76e07974c19,C:/Users/79995/Desktop/GEEK BRAINS/6.seminars/2semester/python2/hm/.git/objects/b0,140
file,74de235971a1c19ca7a897e916bde01ad22045,C:/Users/79995/Desktop/GEEK BRAINS/6.seminars/2semester/python2/hm/.git/objects/b1,166
file,9d9efed7e1959ac410b5d65f1a055bd696f21b,C:/Users/79995/Desktop/GEEK BRAINS/6.seminars/2semester/python2/hm/.git/objects/b3,250
file,e9d0b7e34d057eb73bbc59e5ede00e17326d4c,C:/Users/79995/Desktop/GEEK BRAINS/6.seminars/2semester/python2/hm/.git/objects/b3,515
file,6cfc735cd07fd597ac3752f9fae44d2b08784f,C:/Users/79995/Desktop/GEEK BRAINS/6.seminars/2semester/python2/hm/.git/objects/b5,143
file,56a71fb844a41fba93112d7d31fb551d48d4b6,C:/Users/79995/Desktop/GEEK BRAINS/6.seminars/2semester/python2/hm/.git/objects/b6,217
file,1379adca51bb789808509975c19ec0664a3e3e,C:/Users/79995/Desktop/GEEK BRAINS/6.seminars/2semester/python2/hm/.git/objects/b8,763
file,9cd0b56457507c41eb1d041cbf71ea563c098a,C:/Users/79995/Desktop/GEEK BRAINS/6.seminars/2semester/python2/hm/.git/objects/b8,195
file,e37447260cc19b529e7c2e9577347bd6db1888,C:/Users/79995/Desktop/GEEK BRAINS/6.seminars/2semester/python2/hm/.git/objects/b9,632
file,46d89c6663a4009f065dedb6a32b4384842f87,C:/Users/79995/Desktop/GEEK BRAINS/6.seminars/2semester/python2/hm/.git/objects/ba,114
file,4cf85bbf00e25c83da7df91c5cff4c0ff29634,C:/Users/79995/Desktop/GEEK BRAINS/6.seminars/2semester/python2/hm/.git/objects/bc,214
file,bb0f0ad6ad1d0ef67e7c92d707c104f004246c,C:/Users/79995/Desktop/GEEK BRAINS/6.seminars/2semester/python2/hm/.git/objects/bc,200
file,064bbb8698afc3588734c9a43eb8c23769eff5,C:/Users/79995/Desktop/GEEK BRAINS/6.seminars/2semester/python2/hm/.git/objects/bf,203
file,9f2c1e073c205c4919f8946e0bd5ce1463987a,C:/Users/79995/Desktop/GEEK BRAINS/6.seminars/2semester/python2/hm/.git/objects/c0,2650
file,12c1fbf6b2d813dbef7f52e69bda95883c96c3,C:/Users/79995/Desktop/GEEK BRAINS/6.seminars/2semester/python2/hm/.git/objects/c1,113
file,aedab8ab5db9efe427c1f59d5216ece7e52c41,C:/Users/79995/Desktop/GEEK BRAINS/6.seminars/2semester/python2/hm/.git/objects/c3,3027
file,eb148ff0cc8bae11bbe1be11c986be50c52051,C:/Users/79995/Desktop/GEEK BRAINS/6.seminars/2semester/python2/hm/.git/objects/c4,139
file,db62dcdba3c4c6a742a72660f0e8ddb31b721c,C:/Users/79995/Desktop/GEEK BRAINS/6.seminars/2semester/python2/hm/.git/objects/c5,76
file,1f88a4f658ef8dd1d54fea1cdc1b2938142e24,C:/Users/79995/Desktop/GEEK BRAINS/6.seminars/2semester/python2/hm/.git/objects/c6,118
file,225ff5691a0e261c875f9ac01f86c02a98c3ee,C:/Users/79995/Desktop/GEEK BRAINS/6.seminars/2semester/python2/hm/.git/objects/c6,119
file,f5fa914d1c2f8e6a496383109d67db7ec51760,C:/Users/79995/Desktop/GEEK BRAINS/6.seminars/2semester/python2/hm/.git/objects/c6,430
file,2648b717cefa45b9697885a3328cf185eda312,C:/Users/79995/Desktop/GEEK BRAINS/6.seminars/2semester/python2/hm/.git/objects/ca,204
file,fab7c81895eded9663a76d8f2c974bbef92455,C:/Users/79995/Desktop/GEEK BRAINS/6.seminars/2semester/python2/hm/.git/objects/ca,442
file,0a9b1b2df391d1398724cb14a495d23dec3100,C:/Users/79995/Desktop/GEEK BRAINS/6.seminars/2semester/python2/hm/.git/objects/cb,440
file,a07e32b6e380b68ba23a3306d3d12b349b6d0e,C:/Users/79995/Desktop/GEEK BRAINS/6.seminars/2semester/python2/hm/.git/objects/cb,112
file,8110926ed51733e5b8b49bb054b1065d526400,C:/Users/79995/Desktop/GEEK BRAINS/6.seminars/2semester/python2/hm/.git/objects/cc,2556
file,2a32387604579e1a4826ddc8323874251db3cf,C:/Users/79995/Desktop/GEEK BRAINS/6.seminars/2semester/python2/hm/.git/objects/d1,220
file,b0d2bca7cab1f237513fba33dc34a464007f46,C:/Users/79995/Desktop/GEEK BRAINS/6.seminars/2semester/python2/hm/.git/objects/d4,139
file,468af191089a3330999c0d47319a0ff2a7263b,C:/Users/79995/Desktop/GEEK BRAINS/6.seminars/2semester/python2/hm/.git/objects/d6,160
file,d3bd51be7580e86104ff5f5dbc6575251b8a6d,C:/Users/79995/Desktop/GEEK BRAINS/6.seminars/2semester/python2/hm/.git/objects/d6,119
file,4795654c220c8de4eb3fb6c7049dab3377256c,C:/Users/79995/Desktop/GEEK BRAINS/6.seminars/2semester/python2/hm/.git/objects/d8,265
file,86313d3eda77d81e2dfe9c07471ec87dd70a67,C:/Users/79995/Desktop/GEEK BRAINS/6.seminars/2semester/python2/hm/.git/objects/d8,572
file,2d4658695f2603be1f02c6dd66488541407595,C:/Users/79995/Desktop/GEEK BRAINS/6.seminars/2semester/python2/hm/.git/objects/d9,1100
file,39c809a645562188d0173b2004dd75f89fae3c,C:/Users/79995/Desktop/GEEK BRAINS/6.seminars/2semester/python2/hm/.git/objects/d9,719
file,40f935ad7eedba5d27485bbc0dbf700b905a1b,C:/Users/79995/Desktop/GEEK BRAINS/6.seminars/2semester/python2/hm/.git/objects/d9,573
file,c36b5abd8e0d012f212d12b0bfc94224ea4d1f,C:/Users/79995/Desktop/GEEK BRAINS/6.seminars/2semester/python2/hm/.git/objects/da,179
file,cac8026837282d65dafbad7e464047d56c0a31,C:/Users/79995/Desktop/GEEK BRAINS/6.seminars/2semester/python2/hm/.git/objects/da,123
file,d3a14b3dae7df2d82d1ba0b71907e7a843f4e2,C:/Users/79995/Desktop/GEEK BRAINS/6.seminars/2semester/python2/hm/.git/objects/da,850
file,8bafb367fe37365b19ad026a129ac036a5c06c,C:/Users/79995/Desktop/GEEK BRAINS/6.seminars/2semester/python2/hm/.git/objects/dc,113
file,16d3461c33238e38fe0ed3d337ed475a523957,C:/Users/79995/Desktop/GEEK BRAINS/6.seminars/2semester/python2/hm/.git/objects/dd,211
file,da91a9c444f20ee08d31664b8b608f3508fac5,C:/Users/79995/Desktop/GEEK BRAINS/6.seminars/2semester/python2/hm/.git/objects/de,591
file,673e8d1cc5ac93eb6bebc76869863a8545d986,C:/Users/79995/Desktop/GEEK BRAINS/6.seminars/2semester/python2/hm/.git/objects/df,841
file,b6b2b3ba64b1df2d4b8e81d0a3b80412fe560a,C:/Users/79995/Desktop/GEEK BRAINS/6.seminars/2semester/python2/hm/.git/objects/e1,136
file,19cbcbaa990074fd6735b7ea821fce5c36eeeb,C:/Users/79995/Desktop/GEEK BRAINS/6.seminars/2semester/python2/hm/.git/objects/e4,1604
file,5f158750d455b3e25b82c08cff18216e791c61,C:/Users/79995/Desktop/GEEK BRAINS/6.seminars/2semester/python2/hm/.git/objects/e4,392
file,bc937fe3a9787b0510c98fecd6f74e50f9cebd,C:/Users/79995/Desktop/GEEK BRAINS/6.seminars/2semester/python2/hm/.git/objects/e4,222
file,6b9571e0749f1e09953831537c856880ca2d87,C:/Users/79995/Desktop/GEEK BRAINS/6.seminars/2semester/python2/hm/.git/objects/e6,691
file,9de29bb2d1d6434b8b29ae775ad8c2e48c5391,C:/Users/79995/Desktop/GEEK BRAINS/6.seminars/2semester/python2/hm/.git/objects/e6,15
file,81edc92cb272ee2483141188a9344a9a017c6e,C:/Users/79995/Desktop/GEEK BRAINS/6.seminars/2semester/python2/hm/.git/objects/e7,154
file,9ccc1e6a5c02d913c30403d8f0d2fae2340550,C:/Users/79995/Desktop/GEEK BRAINS/6.seminars/2semester/python2/hm/.git/objects/e9,140
file,319ca3f50f18116443f8ff2c3cfe7898f0085c,C:/Users/79995/Desktop/GEEK BRAINS/6.seminars/2semester/python2/hm/.git/objects/eb,210
file,c454f445f136b8c07060fde395baaaad25d935,C:/Users/79995/Desktop/GEEK BRAINS/6.seminars/2semester/python2/hm/.git/objects/eb,58
file,14817d2fbeae492e7e22ae1c83ddc0b896b5d6,C:/Users/79995/Desktop/GEEK BRAINS/6.seminars/2semester/python2/hm/.git/objects/ec,307
file,539b07deae135abaf73338999d040bebfc1249,C:/Users/79995/Desktop/GEEK BRAINS/6.seminars/2semester/python2/hm/.git/objects/ed,216
file,a1d8704a2b63cb3a39a2b5935838ee229f1d9f,C:/Users/79995/Desktop/GEEK BRAINS/6.seminars/2semester/python2/hm/.git/objects/ef,598
file,7ba50a26732f6ab60797af4e6b15fe56d60b6d,C:/Users/79995/Desktop/GEEK BRAINS/6.seminars/2semester/python2/hm/.git/objects/f0,315
file,8e096e9ce87fdcdaa60cbd0136282f29b355a5,C:/Users/79995/Desktop/GEEK BRAINS/6.seminars/2semester/python2/hm/.git/objects/f0,528
file,b9792d119aae662fe4439ef9f99b9ee56b08b2,C:/Users/79995/Desktop/GEEK BRAINS/6.seminars/2semester/python2/hm/.git/objects/f0,260
file,f56170af65539a3b8f8853c6e1a7bd5c8d7ca1,C:/Users/79995/Desktop/GEEK BRAINS/6.seminars/2semester/python2/hm/.git/objects/f2,747
file,1ed34d48f243349205c14964c28a0abc1cf5b2,C:/Users/79995/Desktop/GEEK BRAINS/6.seminars/2semester/python2/hm/.git/objects/f3,51
file,c4678f57210e21bdf2c9e4a7a3bbf0a176c8cf,C:/Users/79995/Desktop/GEEK BRAINS/6.seminars/2semester/python2/hm/.git/objects/f3,1859
file,4c39b33b4653f6cec936a1e27babf1e2475346,C:/Users/79995/Desktop/GEEK BRAINS/6.seminars/2semester/python2/hm/.git/objects/f4,164
file,10f9e4ec881c11e7c7b63d88fa77b06475d45c,C:/Users/79995/Desktop/GEEK BRAINS/6.seminars/2semester/python2/hm/.git/objects/f5,3063
file,1a9b4a6cc9bc01d7494fa23d199b350bc5378e,C:/Users/79995/Desktop/GEEK BRAINS/6.seminars/2semester/python2/hm/.git/objects/f6,728
file,43d3b203c93632e2ed249becbc32657b655761,C:/Users/79995/Desktop/GEEK BRAINS/6.seminars/2semester/python2/hm/.git/objects/f6,325
file,f8a228c7aa4d130499b10c8abc57a7597eda66,C:/Users/79995/Desktop/GEEK BRAINS/6.seminars/2semester/python2/hm/.git/objects/f7,281
file,55fc2b8cafe65932c6e614674c917862475267,C:/Users/79995/Desktop/GEEK BRAINS/6.seminars/2semester/python2/hm/.git/objects/f8,172
file,a7f61d73e69d93cfe3fcaf2dcca1d5b180aa74,C:/Users/79995/Desktop/GEEK BRAINS/6.seminars/2semester/python2/hm/.git/objects/f8,270
file,ba580c8b1cf8b5426bbaa0bb0dd93fa4f6eac9,C:/Users/79995/Desktop/GEEK BRAINS/6.seminars/2semester/python2/hm/.git/objects/f8,585
file,ca2ce57828c66a29ce932f94be1f5ce43c127f,C:/Users/79995/Desktop/GEEK BRAINS/6.seminars/2semester/python2/hm/.git/objects/f8,331
file,f411e9d208227a6c3f37b1757f724e1614002e,C:/Users/79995/Desktop/GEEK BRAINS/6.seminars/2semester/python2/hm/.git/objects/f8,212
file,da6d0ae7120a39e8d4ad37a6cc43c6f2574f9b,C:/Users/79995/Desktop/GEEK BRAINS/6.seminars/2semester/python2/hm/.git/objects/fb,46
file,6d898612b2af4aabc588ce8ebbc2093ef04df3,C:/Users/79995/Desktop/GEEK BRAINS/6.seminars/2semester/python2/hm/.git/objects/fc,143
file,534bc0fa1156a24d60250f57016703bad64f01,C:/Users/79995/Desktop/GEEK BRAINS/6.seminars/2semester/python2/hm/.git/objects/ff,670
folder,heads,C:/Users/79995/Desktop/GEEK BRAINS/6.seminars/2semester/python2/hm/.git/refs,41
folder,remotes,C:/Users/79995/Desktop/GEEK BRAINS/6.seminars/2semester/python2/hm/.git/refs,41
folder,tags,C:/Users/79995/Desktop/GEEK BRAINS/6.seminars/2semester/python2/hm/.git/refs,0
file,main,C:/Users/79995/Desktop/GEEK BRAINS/6.seminars/2semester/python2/hm/.git/refs/heads,41
folder,origin,C:/Users/79995/Desktop/GEEK BRAINS/6.seminars/2semester/python2/hm/.git/refs/remotes,41
file,main,C:/Users/79995/Desktop/GEEK BRAINS/6.seminars/2semester/python2/hm/.git/refs/remotes/origin,41
file,settings.json,C:/Users/79995/Desktop/GEEK BRAINS/6.seminars/2semester/python2/hm/.vscode,50
file,README.md,C:/Users/79995/Desktop/GEEK BRAINS/6.seminars/2semester/python2/hm/dz1,1928
file,task1.py,C:/Users/79995/Desktop/GEEK BRAINS/6.seminars/2semester/python2/hm/dz1,1996
file,task2.py,C:/Users/79995/Desktop/GEEK BRAINS/6.seminars/2semester/python2/hm/dz1,1138
file,task3.py,C:/Users/79995/Desktop/GEEK BRAINS/6.seminars/2semester/python2/hm/dz1,1228
file,README.md,C:/Users/79995/Desktop/GEEK BRAINS/6.seminars/2semester/python2/hm/dz2,868
file,task1.py,C:/Users/79995/Desktop/GEEK BRAINS/6.seminars/2semester/python2/hm/dz2,815
file,task2.py,C:/Users/79995/Desktop/GEEK BRAINS/6.seminars/2semester/python2/hm/dz2,2000
file,README.md,C:/Users/79995/Desktop/GEEK BRAINS/6.seminars/2semester/python2/hm/dz3,1357
file,task1.py,C:/Users/79995/Desktop/GEEK BRAINS/6.seminars/2semester/python2/hm/dz3,819
file,task2.py,C:/Users/79995/Desktop/GEEK BRAINS/6.seminars/2semester/python2/hm/dz3,5660
file,task3.py,C:/Users/79995/Desktop/GEEK BRAINS/6.seminars/2semester/python2/hm/dz3,1040
file,README.md,C:/Users/79995/Desktop/GEEK BRAINS/6.seminars/2semester/python2/hm/dz4,1014
file,task1.py,C:/Users/79995/Desktop/GEEK BRAINS/6.seminars/2semester/python2/hm/dz4,664
file,task2.py,C:/Users/79995/Desktop/GEEK BRAINS/6.seminars/2semester/python2/hm/dz4,842
file,task3.py,C:/Users/79995/Desktop/GEEK BRAINS/6.seminars/2semester/python2/hm/dz4,4953
file,cat.jpg,C:/Users/79995/Desktop/GEEK BRAINS/6.seminars/2semester/python2/hm/dz5,156462
file,README.md,C:/Users/79995/Desktop/GEEK BRAINS/6.seminars/2semester/python2/hm/dz5,1184
file,task1.py,C:/Users/79995/Desktop/GEEK BRAINS/6.seminars/2semester/python2/hm/dz5,650
file,task2.py,C:/Users/79995/Desktop/GEEK BRAINS/6.seminars/2semester/python2/hm/dz5,1028
file,task3.py,C:/Users/79995/Desktop/GEEK BRAINS/6.seminars/2semester/python2/hm/dz5,361
file,README.md,C:/Users/79995/Desktop/GEEK BRAINS/6.seminars/2semester/python2/hm/dz6,1531
file,task1.py,C:/Users/79995/Desktop/GEEK BRAINS/6.seminars/2semester/python2/hm/dz6,1040
file,task2.py,C:/Users/79995/Desktop/GEEK BRAINS/6.seminars/2semester/python2/hm/dz6,3003
file,hwtask.py,C:/Users/79995/Desktop/GEEK BRAINS/6.seminars/2semester/python2/hm/dz7,912
file,README.md,C:/Users/79995/Desktop/GEEK BRAINS/6.seminars/2semester/python2/hm/dz7,1503
folder,texts-seminar,C:/Users/79995/Desktop/GEEK BRAINS/6.seminars/2semester/python2/hm/dz7,50892
file,vt0001.cvc,C:/Users/79995/Desktop/GEEK BRAINS/6.seminars/2semester/python2/hm/dz7,6
file,both_files,C:/Users/79995/Desktop/GEEK BRAINS/6.seminars/2semester/python2/hm/dz7/texts-seminar,244
file,bybomuazmolnmyfrcqitbveqcwdwlpm.txt,C:/Users/79995/Desktop/GEEK BRAINS/6.seminars/2semester/python2/hm/dz7/texts-seminar,1970
file,dydnlzmybnmpmzenmnerkomzhneteqj.txt,C:/Users/79995/Desktop/GEEK BRAINS/6.seminars/2semester/python2/hm/dz7/texts-seminar,4524
file,dzevbqgriwfyiygsmtmz.doc,C:/Users/79995/Desktop/GEEK BRAINS/6.seminars/2semester/python2/hm/dz7/texts-seminar,8445
file,gtkulujslnanczjoipeqdqcv.txt,C:/Users/79995/Desktop/GEEK BRAINS/6.seminars/2semester/python2/hm/dz7/texts-seminar,4886
file,hdori.txt,C:/Users/79995/Desktop/GEEK BRAINS/6.seminars/2semester/python2/hm/dz7/texts-seminar,89
file,hulu.txt,C:/Users/79995/Desktop/GEEK BRAINS/6.seminars/2semester/python2/hm/dz7/texts-seminar,136
file,joiwbxkrjtjpcsfpcqlzawixjrbwftg.txt,C:/Users/79995/Desktop/GEEK BRAINS/6.seminars/2semester/python2/hm/dz7/texts-seminar,5661
file,kxjzaugqapmpeteocrcthtbthvhnhyf.txt,C:/Users/79995/Desktop/GEEK BRAINS/6.seminars/2semester/python2/hm/dz7/texts-seminar,1139
file,lzkvdyirkzmxctbsjqbqltftdzarjo.doc,C:/Users/79995/Desktop/GEEK BRAINS/6.seminars/2semester/python2/hm/dz7/texts-seminar,4692
file,mubseoawgqguhsiyeu.doc,C:/Users/79995/Desktop/GEEK BRAINS/6.seminars/2semester/python2/hm/dz7/texts-seminar,9115
file,task1.py,C:/Users/79995/Desktop/GEEK BRAINS/6.seminars/2semester/python2/hm/dz7/texts-seminar,1089
file,task2.py,C:/Users/79995/Desktop/GEEK BRAINS/6.seminars/2semester/python2/hm/dz7/texts-seminar,1207
file,task3.py,C:/Users/79995/Desktop/GEEK BRAINS/6.seminars/2semester/python2/hm/dz7/texts-seminar,1853
file,task4.py,C:/Users/79995/Desktop/GEEK BRAINS/6.seminars/2semester/python2/hm/dz7/texts-seminar,1584
file,task5.py,C:/Users/79995/Desktop/GEEK BRAINS/6.seminars/2semester/python2/hm/dz7/texts-seminar,1436
file,task6.py,C:/Users/79995/Desktop/GEEK BRAINS/6.seminars/2semester/python2/hm/dz7/texts-seminar,1603
file,task7.py,C:/Users/79995/Desktop/GEEK BRAINS/6.seminars/2semester/python2/hm/dz7/texts-seminar,1219
file,hulu.csv,C:/Users/79995/Desktop/GEEK BRAINS/6.seminars/2semester/python2/hm/dz8,0
file,hulu.json,C:/Users/79995/Desktop/GEEK BRAINS/6.seminars/2semester/python2/hm/dz8,0
file,README.md,C:/Users/79995/Desktop/GEEK BRAINS/6.seminars/2semester/python2/hm/dz8,1082
folder,seminar8,C:/Users/79995/Desktop/GEEK BRAINS/6.seminars/2semester/python2/hm/dz8,17708
file,task_hw.py,C:/Users/79995/Desktop/GEEK BRAINS/6.seminars/2semester/python2/hm/dz8,2652
file,first.json,C:/Users/79995/Desktop/GEEK BRAINS/6.seminars/2semester/python2/hm/dz8/seminar8,2
file,first.txt,C:/Users/79995/Desktop/GEEK BRAINS/6.seminars/2semester/python2/hm/dz8/seminar8,11844
file,second.json,C:/Users/79995/Desktop/GEEK BRAINS/6.seminars/2semester/python2/hm/dz8/seminar8,2
file,task1.py,C:/Users/79995/Desktop/GEEK BRAINS/6.seminars/2semester/python2/hm/dz8/seminar8,1189
file,task2.py,C:/Users/79995/Desktop/GEEK BRAINS/6.seminars/2semester/python2/hm/dz8/seminar8,2736
file,task5.py,C:/Users/79995/Desktop/GEEK BRAINS/6.seminars/2semester/python2/hm/dz8/seminar8,867
file,task6.py,C:/Users/79995/Desktop/GEEK BRAINS/6.seminars/2semester/python2/hm/dz8/seminar8,1066
file,third.json,C:/Users/79995/Desktop/GEEK BRAINS/6.seminars/2semester/python2/hm/dz8/seminar8,2
file,third.pickle,C:/Users/79995/Desktop/GEEK BRAINS/6.seminars/2semester/python2/hm/dz8/seminar8,0
file,sem1.py,C:/Users/79995/Desktop/GEEK BRAINS/6.seminars/2semester/python2/hm/seminars,3438
file,sem2.py,C:/Users/79995/Desktop/GEEK BRAINS/6.seminars/2semester/python2/hm/seminars,16937
file,sem3.py,C:/Users/79995/Desktop/GEEK BRAINS/6.seminars/2semester/python2/hm/seminars,8737
file,sem4.py,C:/Users/79995/Desktop/GEEK BRAINS/6.seminars/2semester/python2/hm/seminars,13365
file,sem5.py,C:/Users/79995/Desktop/GEEK BRAINS/6.seminars/2semester/python2/hm/seminars,7502
file,sem6.py,C:/Users/79995/Desktop/GEEK BRAINS/6.seminars/2semester/python2/hm/seminars,3984
file,sem7.py,C:/Users/79995/Desktop/GEEK BRAINS/6.seminars/2semester/python2/hm/seminars,9308
